,Country,Rank,danceability,energy,key,loudness,speechiness,acousticness,instrumentalness,liveness,valence,tempo,duration_ms
0,Australia,3.0,0.7123333333333334,0.6819333333333334,5.333333333333333,-5.383,0.07507333333333333,0.21754266666666666,0.00241708,0.16579333333333332,0.5528,115.41966666666666,217528.2
1,Canada,3.0,0.5949333333333333,0.7104000000000001,5.066666666666666,-5.597066666666667,0.07642666666666667,0.1433103666666667,0.0006758666666666667,0.15316000000000002,0.4534,132.37386666666666,217785.93333333332
2,France,3.0,0.6997333333333334,0.6812666666666665,5.466666666666667,-5.952333333333333,0.13666,0.24192523333333332,7.571333333333333e-05,0.15327333333333332,0.5057333333333333,120.5432,219172.73333333334
3,Germany,3.0,0.6698666666666667,0.6237333333333334,5.066666666666666,-6.729133333333334,0.16493333333333332,0.23530636666666666,0.00015576666666666667,0.19081333333333333,0.4742666666666666,122.26906666666667,249933.4
4,Hong Kong,3.0,0.6554000000000001,0.47833333333333333,6.6,-7.309400000000001,0.049006666666666664,0.513,0.044042943333333334,0.10311333333333335,0.49013333333333337,114.89493333333336,226159.8
5,Japan,3.0,0.4822666666666667,0.6304,5.2,-7.137866666666668,0.046493333333333345,0.3498792666666667,0.14469768000000002,0.18558,0.37660000000000005,119.78246666666665,246976.6
6,Netherlands,3.0,0.6032666666666666,0.6303333333333334,5.6,-7.4173333333333344,0.06786666666666667,0.2832565666666666,0.04825173666666668,0.15050666666666668,0.5197999999999999,131.83633333333333,246343.2
7,UK,3.0,0.5758,0.6000666666666667,5.866666666666666,-7.6534,0.05751333333333333,0.32003903333333333,0.029831545333333334,0.16762000000000002,0.5064666666666666,114.655,232891.4
8,US,3.0,0.6778666666666667,0.6612000000000001,5.866666666666666,-6.0634,0.10430666666666664,0.07820933333333334,0.0006319333333333333,0.21466666666666664,0.4680666666666667,129.65759999999997,210213.2
